{
  "culture": "en",
  "texts": {
    "Permission:AuditLogManagement": "AuditLogManagement",
    "Permission:AuditLogging": "AuditLogging",
    "Permission:Delete": "Delete",
    "AuditLogging": "AuditLogging",
    "Menu:AuditLogging": "AuditLogging",
    "RequestInfo": "code | method | duration(ms) | url",
    "HttpStatusCode": "״̬��",
    "Comments": "comments",
    "Exceptions": "exceptions",
    "Url": "url",
    "HttpMethod": "method",
    "BrowserInfo": "browser",
    "CorrelationId": "correlationId",
    "ClientId": "clientId",
    "ClientName": "clientName",
    "ClientIpAddress": "clientIpAddress",
    "ExecutionDuration": "executionDuration(ms)",
    "ExecutionTime": "executionTime",
    "ImpersonatorTenantId": "impersonatorTenantId",
    "ImpersonatorUserId": "impersonatorUserId",
    "TenantName": "tenantName",
    "TenantId": "tenantId",
    "UserName": "userName",
    "UserId": "userId",
    "ApplicationName": "applicationName",
    "ExtraProperties": "extraProperties",
    "MethodName": "methodName",
    "Parameters": "parameters",
    "RequsetInfo": "requsetInfo",
    "Actions": "actions",
    "EntityChanges": "entityChanges",
    "Action": "action",
    "Detail": "details",
    "Close": "close",
    "Save": "save",
    "RangeSeparator": "to",
    "StartPlaceholder": "startTime",
    "EndPlaceholder": "endTime",
    "PlaceholderInput": "Please enter",
    "PlaceholderSelect": "Please select",
    "Reset": "reset",
    "Search": "search"
  }
}