{
  "culture": "zh-Hans",
  "texts": {
    "Permission:AuditLogManagement": "审计日志管理",
    "Permission:AuditLogging": "审计日志",
    "Permission:Delete": "删除",
    "AuditLogging": "审计日志",
    "Menu:AuditLogging": "审计日志",
    "RequestInfo": "状态码 | 方法 | 耗时(毫秒) | 地址",
    "HttpStatusCode": "状态码",
    "Comments": "comments",
    "Exceptions": "异常信息",
    "Url": "请求地址",
    "HttpMethod": "请求方法",
    "BrowserInfo": "浏览器信息",
    "CorrelationId": "correlationId",
    "ClientId": "客户端ID",
    "ClientName": "客户端名称",
    "ClientIpAddress": "客户端IP",
    "ExecutionDuration": "耗时(毫秒)",
    "ExecutionTime": "请求时间",
    "ImpersonatorTenantId": "impersonatorTenantId",
    "ImpersonatorUserId": "impersonatorUserId",
    "TenantName": "租户名称",
    "TenantId": "租户ID",
    "UserName": "用户名称",
    "UserId": "用户ID",
    "ApplicationName": "服务名称",
    "ExtraProperties": "扩展信息",
    "MethodName": "方法名称",
    "Parameters": "请求参数",
    "RequsetInfo": "请求信息",
    "Actions": "请求方法",
    "EntityChanges": "实体更改",
    "EntityTypeFullName": "实体名称",
    "ChangeType": "更改类型",
    "ChangeTime": "更改时间",
    "EntityId": "实体ID",
    "Action": "操作",
    "Detail": "详情",
    "Close": "关闭",
    "Save": "保存",
    "RangeSeparator": "至",
    "StartPlaceholder": "开始日期",
    "EndPlaceholder": "结束日期",
    "PlaceholderInput": "请输入",
    "PlaceholderSelect": "请选择",
    "Reset": "重置",
    "Search": "查询"
  }
}