{
  "culture": "zh-Hans",
  "texts": {
    "Permission:OrganitaionUnitManagement": "组织单元管理",
    "Permission:DistributionOrganizationUnit": "添加组织成员",
    "Permission:AddOrganizationUnitRole": "添加组织角色",
    "MemberExists": "该成员{0}在当前组织{1}已存在",
    "OrganitaionUnits": "组织单元",
    "NewOrganitaionUnitChild": "添加子节点",
    "NewOrganitaionUnit": "新组织",
    "OUCode": "编码",
    "OUParentCode": "上级编码",
    "OUDisplayName": "名称",
    "OUParentDisplayName": "上级名称",
    "OUDeletionConfirmationMessage": "组织 '{0}' 将被删除. 你确定吗?",
    "Permission:ClaimManagement": "声明管理",
    "ClaimTypes": "声明类型",
    "NewClaimType": "新声明类型",
    "ClaimName": "名称",
    "ClaimValueType": "值类型",
    "ClaimDescription": "描述",
    "ClaimRegex": "正则",
    "ClaimRequired": "必要",
    "ClaimRegexDescription": "正则描述",
    "ClaimDeletionConfirmationMessage": "声明类型 '{0}' 将被删除. 你确定吗?"
  }
}